{
  "mean": [
    50.947,
    92.49675,
    93.9610166721692,
    2.9535
  ],
  "scale": [
    19.33790813402529,
    27.400565494848767,
    3.444127157286006,
    1.4180401087416186
  ],
  "feature_names": [
    "age",
    "pulse_rate",
    "oxygen_level",
    "activity_level"
  ]
}